id,screenshot
0,one/Screen Shot 2018-09-15 at 1.08.04 PM.png
1,one/Screen Shot 2018-09-15 at 1.08.56 PM.png
2,one/Screen Shot 2018-09-15 at 1.09.28 PM.png
3,one/Screen Shot 2018-09-15 at 1.11.19 PM.png
4,one/Screen Shot 2018-09-15 at 1.11.46 PM.png
5,one/Screen Shot 2018-09-15 at 1.12.43 PM.png
6,one/Screen Shot 2018-09-15 at 1.13.15 PM.png
7,one/Screen Shot 2018-09-15 at 1.13.38 PM.png
8,one/Screen Shot 2018-09-15 at 1.13.55 PM.png
9,two/Screen Shot 2018-09-15 at 1.16.49 PM.png
10,two/Screen Shot 2018-09-15 at 1.17.36 PM.png
11,two/Screen Shot 2018-09-15 at 1.18.02 PM.png
12,two/Screen Shot 2018-09-15 at 1.18.26 PM.png
13,two/Screen Shot 2018-09-15 at 1.18.47 PM.png
14,two/Screen Shot 2018-09-15 at 1.31.42 PM.png
15,two/Screen Shot 2018-09-15 at 1.32.27 PM.png
16,two/Screen Shot 2018-09-15 at 1.33.20 PM.png
17,two/Screen Shot 2018-09-15 at 1.33.50 PM.png
18,three/Screen Shot 2018-09-15 at 1.47.25 PM.png
19,three/Screen Shot 2018-09-15 at 1.47.51 PM.png
20,three/Screen Shot 2018-09-15 at 1.48.43 PM.png
21,three/Screen Shot 2018-09-15 at 1.49.19 PM.png
22,three/Screen Shot 2018-09-15 at 1.49.41 PM.png
23,three/Screen Shot 2018-09-15 at 1.50.44 PM.png
24,three/Screen Shot 2018-09-15 at 1.51.07 PM.png
25,three/Screen Shot 2018-09-15 at 1.51.32 PM.png
26,three/Screen Shot 2018-09-15 at 1.51.54 PM.png
27,four/Screen Shot 2018-09-15 at 1.53.16 PM.png
28,four/Screen Shot 2018-09-15 at 1.53.54 PM.png
29,four/Screen Shot 2018-09-15 at 1.54.16 PM.png
30,four/Screen Shot 2018-09-15 at 1.54.55 PM.png
31,four/Screen Shot 2018-09-15 at 1.55.40 PM.png
32,four/Screen Shot 2018-09-15 at 1.56.09 PM.png
33,four/Screen Shot 2018-09-15 at 1.56.38 PM.png
34,four/Screen Shot 2018-09-15 at 1.56.58 PM.png
35,four/Screen Shot 2018-09-15 at 1.57.16 PM.png
36,five/Screen Shot 2018-09-15 at 2.00.09 PM.png
37,five/Screen Shot 2018-09-15 at 2.01.34 PM.png
38,five/Screen Shot 2018-09-15 at 2.03.16 PM.png
39,five/Screen Shot 2018-09-15 at 2.03.46 PM.png
40,five/Screen Shot 2018-09-15 at 2.04.25 PM.png
41,five/Screen Shot 2018-09-15 at 2.05.03 PM.png
42,five/Screen Shot 2018-09-15 at 2.07.09 PM.png
43,five/Screen Shot 2018-09-15 at 2.07.39 PM.png
44,five/Screen Shot 2018-09-15 at 2.08.01 PM.png
45,six/Screen Shot 2018-09-15 at 2.11.21 PM.png
46,six/Screen Shot 2018-09-15 at 2.12.15 PM.png
47,six/Screen Shot 2018-09-15 at 2.12.43 PM.png
48,six/Screen Shot 2018-09-15 at 2.13.09 PM.png
49,six/Screen Shot 2018-09-15 at 2.13.39 PM.png
50,six/Screen Shot 2018-09-15 at 2.14.17 PM.png
51,six/Screen Shot 2018-09-15 at 2.14.40 PM.png
52,six/Screen Shot 2018-09-15 at 2.15.04 PM.png
53,six/Screen Shot 2018-09-15 at 2.15.20 PM.png
54,seven/Screen Shot 2018-09-15 at 2.27.57 PM.png
55,seven/Screen Shot 2018-09-15 at 2.28.21 PM.png
56,seven/Screen Shot 2018-09-15 at 2.28.55 PM.png
57,seven/Screen Shot 2018-09-15 at 2.29.25 PM.png
58,seven/Screen Shot 2018-09-15 at 2.29.49 PM.png
59,seven/Screen Shot 2018-09-15 at 2.30.13 PM.png
60,seven/Screen Shot 2018-09-15 at 2.30.38 PM.png
61,seven/Screen Shot 2018-09-15 at 2.30.59 PM.png
62,seven/Screen Shot 2018-09-15 at 2.31.13 PM.png
63,eight/Screen Shot 2018-09-15 at 2.32.24 PM.png
64,eight/Screen Shot 2018-09-15 at 2.33.04 PM.png
65,eight/Screen Shot 2018-09-15 at 2.33.22 PM.png
66,eight/Screen Shot 2018-09-15 at 2.33.51 PM.png
67,eight/Screen Shot 2018-09-15 at 2.34.12 PM.png
68,eight/Screen Shot 2018-09-15 at 2.34.39 PM.png
69,eight/Screen Shot 2018-09-15 at 2.35.03 PM.png
70,eight/Screen Shot 2018-09-15 at 2.35.55 PM.png
71,eight/Screen Shot 2018-09-15 at 2.36.08 PM.png
72,nine/Screen Shot 2018-09-15 at 2.37.44 PM.png
73,nine/Screen Shot 2018-09-15 at 2.38.11 PM.png
74,nine/Screen Shot 2018-09-15 at 2.38.33 PM.png
75,nine/Screen Shot 2018-09-15 at 2.38.50 PM.png
76,nine/Screen Shot 2018-09-15 at 2.39.11 PM.png
77,nine/Screen Shot 2018-09-15 at 2.39.41 PM.png
78,nine/Screen Shot 2018-09-15 at 2.40.03 PM.png
79,nine/Screen Shot 2018-09-15 at 2.40.28 PM.png
80,nine/Screen Shot 2018-09-15 at 2.40.42 PM.png
81,ten/Screen Shot 2018-09-15 at 2.41.48 PM.png
82,ten/Screen Shot 2018-09-15 at 2.42.14 PM.png
83,ten/Screen Shot 2018-09-15 at 2.43.56 PM.png
84,ten/Screen Shot 2018-09-15 at 2.44.18 PM.png
85,ten/Screen Shot 2018-09-15 at 2.44.37 PM.png
86,ten/Screen Shot 2018-09-15 at 2.44.58 PM.png
87,ten/Screen Shot 2018-09-15 at 2.45.13 PM.png
88,ten/Screen Shot 2018-09-15 at 2.45.29 PM.png
89,ten/Screen Shot 2018-09-15 at 2.45.42 PM.png
90,eleven/Screen Shot 2018-09-15 at 2.46.51 PM.png
91,eleven/Screen Shot 2018-09-15 at 2.47.21 PM.png
92,eleven/Screen Shot 2018-09-15 at 2.47.46 PM.png
93,eleven/Screen Shot 2018-09-15 at 2.48.03 PM.png
94,eleven/Screen Shot 2018-09-15 at 2.48.23 PM.png
95,eleven/Screen Shot 2018-09-15 at 2.48.48 PM.png
96,eleven/Screen Shot 2018-09-15 at 2.49.09 PM.png
97,eleven/Screen Shot 2018-09-15 at 2.49.32 PM.png
98,eleven/Screen Shot 2018-09-15 at 2.49.48 PM.png
99,twelve/Screen Shot 2018-09-15 at 2.50.48 PM.png
100,twelve/Screen Shot 2018-09-15 at 2.51.12 PM.png
101,twelve/Screen Shot 2018-09-15 at 2.51.32 PM.png
102,twelve/Screen Shot 2018-09-15 at 2.51.53 PM.png
103,twelve/Screen Shot 2018-09-15 at 2.52.10 PM.png
104,twelve/Screen Shot 2018-09-15 at 2.52.30 PM.png
105,twelve/Screen Shot 2018-09-15 at 2.52.51 PM.png
106,twelve/Screen Shot 2018-09-15 at 2.53.13 PM.png
107,twelve/Screen Shot 2018-09-15 at 2.53.27 PM.png
108,thirteen/Screen Shot 2018-09-15 at 3.06.09 PM.png
109,thirteen/Screen Shot 2018-09-15 at 3.06.46 PM.png
110,thirteen/Screen Shot 2018-09-15 at 3.07.14 PM.png
111,thirteen/Screen Shot 2018-09-15 at 3.08.24 PM.png
112,thirteen/Screen Shot 2018-09-15 at 3.08.49 PM.png
113,thirteen/Screen Shot 2018-09-15 at 3.09.10 PM.png
114,thirteen/Screen Shot 2018-09-15 at 3.09.35 PM.png
115,thirteen/Screen Shot 2018-09-15 at 3.09.57 PM.png
116,thirteen/Screen Shot 2018-09-15 at 3.10.17 PM.png
117,forteen/Screen Shot 2018-09-15 at 3.11.46 PM.png
118,forteen/Screen Shot 2018-09-15 at 3.12.09 PM.png
119,forteen/Screen Shot 2018-09-15 at 3.12.46 PM.png
120,forteen/Screen Shot 2018-09-15 at 3.13.07 PM.png
121,forteen/Screen Shot 2018-09-15 at 3.13.25 PM.png
122,forteen/Screen Shot 2018-09-15 at 3.14.07 PM.png
123,forteen/Screen Shot 2018-09-15 at 3.14.25 PM.png
124,forteen/Screen Shot 2018-09-15 at 3.14.49 PM.png
125,forteen/Screen Shot 2018-09-15 at 3.15.04 PM.png
126,fifteen/Screen Shot 2018-09-15 at 3.17.00 PM.png
127,fifteen/Screen Shot 2018-09-15 at 3.17.30 PM.png
128,fifteen/Screen Shot 2018-09-15 at 3.17.45 PM.png
129,fifteen/Screen Shot 2018-09-15 at 3.18.14 PM.png
130,fifteen/Screen Shot 2018-09-15 at 3.18.36 PM.png
131,fifteen/Screen Shot 2018-09-15 at 3.20.23 PM.png
132,fifteen/Screen Shot 2018-09-15 at 3.20.46 PM.png
133,fifteen/Screen Shot 2018-09-15 at 3.21.10 PM.png
134,fifteen/Screen Shot 2018-09-15 at 3.21.23 PM.png